{
    "metrics": {
        "ws_session_duration": {
            "min": 7.0007,
            "med": 32.45015,
            "max": 298.4439,
            "p(90)": 162.1485599999994,
            "p(95)": 268.999235,
            "avg": 61.144158499999996
        },
        "iterations": {
            "count": 200,
            "rate": 315.3679263565433
        },
        "checks": {
            "passes": 200,
            "fails": 0,
            "thresholds": {
                "rate>0.99": false
            },
            "value": 1
        },
        "ws_sessions": {
            "count": 200,
            "rate": 315.3679263565433
        },
        "room_create_latency": {
            "max": 252,
            "p(90)": 64.1,
            "p(95)": 187.49999999999983,
            "avg": 27.13,
            "min": 1,
            "med": 8
        },
        "room_create_success_rate": {
            "passes": 200,
            "fails": 0,
            "thresholds": {
                "rate>0.99": false
            },
            "value": 1
        },
        "data_received": {
            "count": 142212,
            "rate": 224245.51771508367
        },
        "ws_connecting": {
            "max": 86.5202,
            "p(90)": 30.57774,
            "p(95)": 36.24955499999996,
            "avg": 14.250666,
            "min": 1.7636,
            "med": 8.812249999999999
        },
        "iteration_duration": {
            "avg": 62.10040549999997,
            "min": 7.2916,
            "med": 33.1525,
            "max": 348.5842,
            "p(90)": 164.1938599999994,
            "p(95)": 269.994575
        },
        "data_sent": {
            "count": 108389,
            "rate": 170912.07084929687
        },
        "ws_msgs_sent": {
            "count": 600,
            "rate": 946.1037790696299
        },
        "ws_msgs_received": {
            "rate": 630.7358527130866,
            "count": 400
        },
        "room_created_count": {
            "rate": 315.3679263565433,
            "count": 200
        }
    },
    "setup_data": {
        "runId": "MO6HAZMN"
    },
    "root_group": {
        "path": "",
        "id": "d41d8cd98f00b204e9800998ecf8427e",
        "groups": {},
        "checks": {
                "ws upgrade status is 101": {
                    "name": "ws upgrade status is 101",
                    "path": "::ws upgrade status is 101",
                    "id": "0cfe6115f84a55568afe69c6dcb08fcf",
                    "passes": 200,
                    "fails": 0
                }
            },
        "name": ""
    }
}